,LR Fold 1,RF Fold 1,GBM Fold 1,LR Fold 2,RF Fold 2,GBM Fold 2,LR Fold 3,RF Fold 3,GBM Fold 3,LR Fold 4,RF Fold 4,GBM Fold 4,LR Fold 5,RF Fold 5,GBM Fold 5
Political Contestation,,0.3995835381572649,0.41792743711342445,,0.3654274915860174,0.2236063056135607,,0.37389498444835056,0.2949830370197807,,0.3669748870767019,0.25698922596141793,,0.3810811330221866,0.29128980614088223
FH_civ,,0.19988193521284292,0.2584406747203025,,0.13701343534893987,0.16641973784540107,,0.11403060176502876,0.17227790461588863,,0.12890293860887936,0.13403250088450933,,0.12243162230160043,0.16943814885590547
Eligible population,,0.40053452662989225,0.323631888166273,,0.4975590730650428,0.6099739565410383,,0.5120744137866207,0.5327390583643307,,0.5041221743144187,0.6089782731540728,,0.496487244676213,0.5392720450032124
Year,,,,,,,,,,,,,,,
Accuracy,0.9620853080568721,0.9478672985781991,0.9478672985781991,0.9795081967213115,0.9754098360655737,0.9713114754098361,0.9396551724137931,0.9396551724137931,0.9396551724137931,0.9802631578947368,1.0,0.9868421052631579,0.9834254143646409,0.9723756906077348,0.994475138121547
Precision,0.0,0.0,0.0,0.0,0.0,0.0,0.0,0.0,0.0,0.0,1.0,0.6,0.0,0.3333333333333333,1.0
Recall,0.0,0.0,0.0,0.0,0.0,0.0,0.0,0.0,0.0,0.0,1.0,1.0,0.0,0.6666666666666666,0.6666666666666666
ROC-AUC,0.5908251231527093,0.3645320197044335,0.6339285714285714,0.7259414225941423,0.703347280334728,0.9401673640167364,0.9102228047182176,0.7483617300131062,0.7280471821756226,0.7986577181208053,1.0,1.0,0.9578651685393259,0.9288389513108614,0.9485018726591761
